Monumenti di competenza di Roma Capitale;
Anno 2011;
;
Denominazione;Indirizzo
Strutture fluviali presso Ponte Milvio;Banchina sul Tevere
Edificio presso il Passetto di Borgo;Borgo Pio, 62  
Tempio di Claudio;Celio Municipio I Rione XIX
Torre della Moletta al Circo Massino;Circo Massino
Resti di edificio in Chiesa di s. Francesca Romana;Clivo di Venere Felice
Monumento a Cola di Rienzo;Cordonata del Campidoglio (Area verde a sinistra)
Ponte Flaminio;Corso Francia
Torretta di Ponte Milvio;Corso Francia
Palazzo Sora;Corso Vittorio Emanuele II
Casa romana sotto il Museo Barracco;Corso Vittorio Emanuele II, 166/a
Auditorium di Mecenate;Largo Leopardi (via Merulana) Municipio I 
Acquedotto Claudio e Aniene Nuovo;Da Valle Aniene a Tivoli
Forte Braschi;Forte Braschi
Forte Portuense;Forte Portuense
Ponte Cestio;Isola Tiberina
Ponte Fabricio;Isola Tiberina
Torre Caetani e parte del convento di S. Bartolomeo all’Isola Tiberina;Isola Tiberina
Sede Polizia Fluviale;Isola Tiberina
Guglia di S. Bartolomeo all’Isola;Isola Tiberina, 22
Monumento ai Caduti di tutte le guerre di Monteverde Vecchio;Largo A. Oriani
Villino Centurini, edificio scolastico A. Oriani;Largo A.Oriani, 1
L’Angelo di Fatima;Largo Agosta
Fontana sarcofago nel cortile della scuola Nino Bixio;Largo Alfredo Oriani
Monumento ai Caduti del Quartiere Giancolense;Largo Alfredo Oriani
Fontanella in Largo Angelicum;Largo Angelicum
Fontana a vasca poligonale in Largo Bernardino Cirillo;Largo Bernardino Cirillo
Monumento ai valori della Resistenza;Largo Bompiani
Fontana l.go Capelvenere;Largo Capelvenere
Fontana l.go Cesidio da Fossa;Largo Cesidio da Fossa
Colonna granito l.go Cesidio da Fossa;Largo Cesidio da Fossa
Fontanella in Largo Corrado Ricci;Largo Corrado Ricci
Fontana del Quadrifoglio;Largo de Mutilati e Invalidi
Fontana in Largo della Costituente;Largo della Costituente
Fontana contemporanea in Largo della Giustiniana;Largo della Giustiniana
Arco di Dolabella e Silano;Largo della Sanità Militare/via San Paolo della Croce
Monumento contemporaneo alla Resistenza;Largo delle Sette Chiese
Fontana delle Palle di Cannone;Largo di porta Castello
Torre del Papito ( affidata a Motta);Largo di Torre Argentina
Fontana a muro nell’Area Sacra dell’Argentina;Largo di Torre Argentina
Monumento a Don Orione;Largo Don Orione
Sepolcro di largo Talamo;Largo Eduardo Talamo
Monumento ai Caduti 1915-1918 del quartiere Pinciano;Largo Federico Fellini
Monumento ai caduti in Largo Gelsomini;Largo Gelsomini
Fontane (2) a muro Largo Giovanni;Largo Giovanni XXIII
Auditorium di Mecenate;Largo Leopardi
Fontana del Bufalo;Largo Nazareno
Sepolcro di largo Preneste;Largo Preneste, all’interno di un piccolo giardino pubblico
Scuola Oberdan ( ex Villa Baldini);Largo Ravizza
Fontana dei Delfini;Largo Ravizza
Monumento contemporaneo ‘Giano nel cuore di Roma’;Largo Santa Susanna
Abate Luigi;Largo Vidoni
Cisterna di largo Zucchi;Largo Zucchi
Lapide Monumentale ai Caduti della 1° guerra mondiale;Lunghezza
Strutture di L.tevere Aventino;Lungo Tevere Aventino, 7
Porticus Aemilia;Lungo Tevere Testaccio, 32 (Scuola C. Cattaneo)
Sede del Municipio XIII;Lungomare P. Toscanelli, 137
Monumento ad Antonio Varisco;Lungotevere Arnaldo da Brescia
Monumento a Giacomo Matteotti;Lungotevere Arnaldo da Brescia 
Deposito di pezzi architettonici degli sventramenti;Lungotevere Aventino
Insula dell'Aventino;Lungotevere Aventino, 7
Ponte Mazzini;Lungotevere dei Tebaldi
Monumento ai Caduti dell’Arma del Genio;Lungotevere della Vittoria
Fontana dell’Ara Pacis;Lungotevere in Augusta
Fontana a Lungotevere Testaccio;Lungotevere Testaccio
Fontana Teatro Apollo/Tor di Nona;Lungotevere Tor di Nona
Teatro India;Lungotevere Vittorio Gassman, 1
Fontana di Paolo V;Monte di Pietà
Monumento Caduti Ostia Antica;Ostia Antica
Mausoleo (resti);P.le di Ponte Milvio
Acquedotti /Marcia - Tepula - Iulia;Parco Acquedotti
Villa delle Vignacce;Parco degli Acquedotti, via Lemonia
Resti antichi sotto l'Ufficio Culturale Egiziano;Parco del Monte Oppio
Terme di Traiano;Parco del Monte Oppio
Parco della Caffarella;Parco della Caffarella
Ruderi antichi sotto il Casale della Perna;Parco di Decima/Malafede
Resti antichi nel Parco di s. Gregorio (cisterna);Parco di S. Gregorio al Celio
Cisterna nel parco di Tor Tre Teste;Parco di Tor Tre Teste
Ipogeo funerario;Parco di Villa Glori
Sepolcro dei Veienti;Parco Papacci
Casali di Parco Scott;Parco Scott
Fontana Quercia Tasso;Passeggiata del Gianicolo
Fontane Passeggiata Gianicolo (2);Passeggiata del Gianicolo
Monumento Righetto;Passeggiata del Gianicolo
Monumento a Walter Rossi;Piazza  W. Rossi
Monumento a Giorgio Scandemberg;Piazza Albania
Fontana sarcofago in piazza Ambaradan;Piazza Ambaradan
Monumento a S. Annibale Maria di Francia;Piazza Asti
Mausoleo e piazza di Augusto Imperatore;Piazza Augusto Imperatore
Mausoleo di Augusto;Piazza Augusto Imperatore
Fontana del Tritone;Piazza Barberini
Fontana delle Api;Piazza Barberini
Teatro dell’Opera;Piazza Beniamino Gigli
Fontana dei Tritoni;Piazza Bocca della Verità
Fontane contemporanee nel giardino di piazza Bologna;Piazza Bologna
Stele a Falcone, Borsellino e magistrati vittime della mafia;Piazza Bologna
Monumento a Federico Seismit Doda;Piazza Cairoli
Fontana in piazza Cairoli;Piazza Cairoli
Monumento a Camillo Cavour;Piazza Camillo Cavour
Fontana in piazza Campitelli;Piazza Campitelli
Insula sotto il Palazzetto di Flaminio Ponzio;Piazza Campitelli/via del Teatro di Marcello
Monumento a Giordano Bruno;Piazza Campo de' Fiori
Palazzo Calvi;Piazza Campo de' Fiori 
Fontana ottocentesca in Campo de’ Fiori;Piazza Campo de’ Fiori
Fontana in piazza Capo di Ferro;Piazza Capo di Ferro
Fontana con gruppo scultoreo di Jacques Zwoboda;Piazza Caprera
Fontanella in ghisa a tre cannelle in piazza Caraffa;Piazza Caraffa  (Cesano)
Giardino e Gazebo;Piazza Cardinal Consalvi
Monumento ai Caduti dei quartieri Appio Latino Tuscolano;Piazza Casal Maggiore
Monumento a Cavour;Piazza Cavour
Fontana in piazza Clemente XI;Piazza Clemente XI - Primavalle
2 Fontane nell’edificio del mercato comunale;Piazza Cola di Rienzo
Busto a Totò;Piazza Cola di Rienzo
Fontana p.zza Colonna;Piazza Colonna
Scuola Cesare Battisti ( Garbatella );Piazza Damiano Sauli
Fontane contemporanee in piazza Dante;Piazza Dante
Resti di villa sotto casale del Quadraro;Piazza dei Consoli
Casale del Quadraro;Piazza dei Consoli
Monumento contemporaneo  “Tongeren 2000”;Piazza dei Consoli
Ex Convento di S. Maria in Trivio;Piazza dei Crociferi
Fontana a vasca con statua romana;Piazza dei Gerani
Odeon;Piazza dei Massimi
Fontana in piazza dei Quiriti;Piazza dei Quiriti
mausoleo di monte del grano;Piazza dei Tribuni
Mausoleo di Monte del Grano;Piazza dei Tribuni
Colle Capitolino;Piazza del Campidoglio
Cordonata del Campidoglio;Piazza del Campidoglio 
Tabularium;Piazza del Campidoglio, 1
Tempio di Veiove;Piazza del Campidoglio, 1
Fontana a tre cannelle ( borgo di S. Vittorino Romano);Piazza del Castello Barberini
Fontanella di Pio IX;Piazza del Catalone a Borgo Pio
Fontana delle Tiare;Piazza del Colonnato
Pilastri del cd. portico delle Terme di Tito;Piazza del Colosseo
Fontana sarcofago piazza Colosseo;Piazza del Colosseo
Casa Grande Barberini;Piazza del Monte di Pietà, 41
Monumento alle vittime dei bombardamenti aerei di San Lorenzo del 19 luglio 1943;Piazza del Parco Caduti, 19
Monumento alle vittime dei bombardamenti aerei di San Lorenzo del 19 luglio 1943;Piazza del Parco Caduti, 19
Fontana dei Leoni;Piazza del Popolo
Fontana del Nettuno;Piazza del Popolo
Fontana Dea Roma;Piazza del Popolo
Fontana sarcofago lato Caserma Acqua;Piazza del Popolo
Fontana sarcofago lato S. Maria Popolo;Piazza del Popolo
Sfinge (serie);Piazza del Popolo
Fontanelle dei leoni;Piazza del Popolo
Fontana del Navigante;Piazza del Porto di Ripetta 
Fontana a muro;Piazza del Quarticciolo
Fontana dei Dioscuri;Piazza del Quirinale
Privata Traiani/Terme Deciane;Piazza del Tempio di Diana
Fontana in piazza del Viminale;Piazza del Viminale
Fontana in piazza dell’Emporio;Piazza dell’Emporio
Busti (2) a Bartolomé Mitre e a Manuel Belgrano;Piazza dell’Esquilino
Fontanella rionale;Piazza della Cancelleria
Monumento a Pietro Metastasio;Piazza della Chiesa Nuova
Ex convento dei Filippini;Piazza della Chiesa Nuova
Fontana della Terrina;Piazza della Chiesa Nuova
Strutture antiche sotto l'Oratorio dei Filippini;Piazza della Chiesa Nuova, 5
Monumento ai Caduti di Isola Farnese;Piazza della Colonnetta
Monumento a Pietro Cossa;Piazza della Libertà
Fontanella in piazza della Maddalena;Piazza della Maddalena
Elefantino in piazza della Minerva;Piazza della Minerva
Fioriere (6) in piazza della Repubblica;Piazza della Repubblica
Aste Portabandiera (22);Piazza della Repubblica
Fontana p.zza della Rocca;Piazza della Rocca
Fontanella Tre Cannelle;Piazza della Rotonda
La fontana in piazza della Rotonda;Piazza della Rotonda
Fontanella delle tre cannelle;Piazza della Rotonda
Insula dell'Ara Coeli ;Piazza dell'Ara Coeli
Fontana dell’Ara Coeli;Piazza dell'Ara Coeli
Fontana a vasca semiellittica;Piazza delle Camelie
Palazzo in piazza delle Cinque Scole;Piazza delle Cinque Scole
Fontana in piazza delle Cinque Scole;Piazza delle Cinque Scole
Fontanella dell’Acqua Angelica;Piazza delle Vaschette
Monumento ai Caduti della guerra 1915-1918;Piazza di Monte Savello
Pasquino;Piazza di Pasquino
Ponte Sant'Angelo;Piazza di Ponte Sant'Angelo
Monumento commemorativo dell’11 settembre 2001 ( al confine con il rione Celio);Piazza di Porta Capena
Colonna toponomastica;Piazza di Porta Capena
Dromos di sepolcro;Piazza di Porta Maggiore
Sepolcro a fregio dorico;Piazza di Porta Maggiore
Monumento al Bersagliere;Piazza di Porta Pia
Fontana del Timone;Piazza di Porta Portese
Porta San Giovanni;Piazza di Porta San Giovanni
Monumento a S. Francesco d’Assisi;Piazza di Porta San Giovanni
Colonna Pio IX S. Francesco a Ripa;Piazza di S. Francesco d'Assisi
Ex convento di S. Gregorio al Celio;Piazza di S. Gregorio al Celio
Ponte Cestio;Piazza di San Bartolomeo all'Isola
Madama Lucrezia;Piazza di San Marco
Fontanella di S. Carlo;Piazza di Santa Maria in Trastevere
Scalinata Trinità dei Monti;Piazza di Spagna
Fontana Barcaccia;Piazza di Spagna
Colonna Immacolata Concezione;Piazza di Spagna
Obelisco verso lo spazio;Piazza di Tor Bella Monaca (da verificare)
Stadio di Domiziano;Piazza di Tor Sanguigna, 13
Fontana di Trevi;Piazza di Trevi
Cabina ACEA in piazza di Villa Carpegna;Piazza di Villa Carpegna
Sepolcro di Elio Callisto;Piazza Elio Callisto (Via Nomentana)
Fontana  a parallelepipedo;Piazza Erasmo Piaggio
Fontana p.zza Eschilo;Piazza Eschilo
Fontana degli Acilii;Piazza Eschilo
Fontana delle Naiadi;Piazza Esedra
Fontana delle Dieci Cannelle;Piazza Fabrizio De André
Fontane in piazza Farnese;Piazza Farnese
Porzione dello studio di Ettore Ferrari;Piazza Fiume
Resti antichi - piazza Fiume;Piazza Fiume (sottopassaggio)
Fontana presso il sepolcro di Sulpicio Massimo;Piazza Fiume, in via Piave
Fontana della Sfera;Piazza Gaetano Mosca
resti antichi di piazza Galeria;Piazza Galeria
Monumento a Mahatma Gandhi;Piazza Gandhi
Monumento in piazza Gian Lorenzo Bernini;Piazza Gian Lorenzo Bernini
Quinta Carta Geografica;Piazza Giovanni Agnelli, 10  (giardino interno Museo della Civiltà Romana)
Fontana  in piazza Giovanni Castano;Piazza Giovanni Castano
"Monumento a Pola fedele, stele commemorativa  dei profughi dalmati e pannello musivo “Esilio""";Piazza Giuliani e Dalmati
Monumento a Giuseppe Gioachino Belli;Piazza Giuseppe Gioachino Belli
Ponte Garibaldi;Piazza Giuseppe Gioachino Belli
Monumento G. G. Belli;Piazza Giuseppe Gioachino Belli
Fontana p.zza Gregoriopoli;Piazza Gregoriopoli
Cabina ACEA in piazza Irnerio;Piazza Irnerio
Fontana in piazza Iside;Piazza Iside
Monumento a Jan Palach;Piazza Jan Palach
Monumento a Josè de San Martin ;Piazza José de San Martin 
Monumento contemporaneo ‘Vesta’;Piazza Lodi
Fontana dei Catecumeni;Piazza Madonna dei Monti
Fontana circolare in piazza Mancini;Piazza Mancini
Monumento contemporaneo a Renzo Mancini;Piazza Mancini
Area archeologica piazza Fanti;Piazza Manfredo Fanti
Acquario Romano;Piazza Manfredo Fanti, 47
Monumento a Josè Protacio Rizal;Piazza Manila
Fontana p.zza Mastai;Piazza Mastai
Fontana delle Tartarughe;Piazza Mattei
Fontana-Giardino in piazza Mazzini;Piazza Mazzini
Colonna sec. XVII;Piazza Melozzo da Forlì
Fontana contemporanea della Dea Roma;Piazza Monte Grappa
Monumento ai caduti Monte Savello;Piazza Monte Savello
“La Nuova Vita”;Piazza Montesquieu
Fontana del Gigante;Piazza N. Cavalieri
Fontana dei Quattro Fiumi;Piazza Navona
Fontana del Moro;Piazza Navona
Fontana del Nettuno o dei Calderari;Piazza Navona
Fontana p.zza Nicosia;Piazza Nicosia
“Madre Natura”;Piazza Nomentum
Monumento in piazza Nostra Signora di Guadalupe;Piazza Nostra Signora di Guadalupe
2 Fontane con delfini in piazza Perin del Vaga;Piazza Perin del Vaga
Fontana in piazza Pietro d’Illiria;Piazza Pietro d’Illiria
Fontanella;Piazza Pilotta
Monumento a San Francesco d’Assisi;Piazza Porta S.Giovanni
S. Francesco d’Assisi;Piazza Porta S.Giovanni
Monumento Caduti p.zza Regina Pacis;Piazza Regina Pacis
Fontana dell’Acquedotto Alessandrino;Piazza Romana dell’Acquedotto Alessandrino
Cisterna di piazza Ronchi ;Piazza Ronchi
Fontana in piazza S. Andrea della Valle;Piazza S. Andrea della Valle
Edificio in piazza S. Chiara ( da accertare presso Conservatoria);Piazza S. Chiara
Fontana p.zza S. Cosimato;Piazza S. Cosimato
Fontanella in piazza S. Croce in Gerusalemme;Piazza S. Croce in Gerusalemme
Portale di accesso all’Orto monastico sull’Anfiteatro Castrense;Piazza S. Croce in Gerusalemme.
Fontana con sarcofago;Piazza S. Giovanni Bosco
Fontana p.zza S. M. Trastevere;Piazza S. M. Trastevere
Fontana della Pigna;Piazza S. Marco
Fontana della Pigna;Piazza S. Maria del Soccorso
Monumento in piazza S. Maria Liberatrice;Piazza S. Maria Liberatrice
Fontana in piazza S. Maria Maggiore ( da verificare se Monti o Esquilino);Piazza S. Maria Maggiore
Colonna Crocifera di Enrico IV;Piazza S. Maria Maggiore, a lato della basilica
Monumento a Marco Minghetti;Piazza S. Pantaleo
Fontanella del Leone;Piazza S. Salvatore in Lauro
Fontana p.zza S. Simeone;Piazza S. Simeone
Monumento ai Caduti a S. Vittorino;Piazza S. Vittorino
Monumento a Guido Baccelli;Piazza Salerno
Mostra dell’Acqua Felice o fontana del Mosé e locali annessi;Piazza San Bernardo
Fontana dell’obelisco;Piazza San Giovanni in Laterano
Fontana della Botticella;Piazza San Rocco
Monumento ai Caduti;Piazza Sant’Agostino
Complesso di S. Alessio all’Aventino;Piazza Sant’Alessio, 23
Ex Santa Maria della Pietà;Piazza Santa Maria della Pietà
Ex convento Sant’Egidio;Piazza Sant'Egidio
Fontanile di Prima Porta;Piazza Saxa Rubra
Monumento ai Caduti in piazza Saxa Rubra;Piazza Saxa Rubra
Fontana p.zza Scipione Africano;Piazza Scipione Africano
Fontana nel giardino Sempione;Piazza Sempione
Statua della Madonna;Piazza Sempione
Ponte Tazio;"Piazza Sempione
"
Monumento ai Caduti delle due guerre mondiali Borgata Finocchio, Pantano e Borghese;Piazza Serrule
Monumento Nicola Spedalieri;Piazza Sforza Cesarini
Monumento Caduti p.zza Sicani Acilia;Piazza Sicani Acilia
Monumento contemporaneo ai Caduti di tutte le guerre, Torre Gaia/ Villaggio Breda, Villaggio Breda;Piazza Siderea
Palazzo Anguillara;Piazza Sidney Sonnino, 5
Fontana a vasca con cascata;Piazza Teofrasto
Deposito Acqua Paola;Piazza Trilussa
Fontana Acqua Paola;Piazza Trilussa
Monumento Trilussa;Piazza Trilussa
Sepolcro di Bibulo;Piazza Venezia (aiuola altare della Patria)
Mercato Esquilino;Piazza Vittorio
Gruppo scultoreo di Mario Rutelli;Piazza Vittorio
Fontane contemporanee nel giardino di piazza Vittorio;Piazza Vittorio
Monumento ai caduti dei rioni Esquilino Viminale Macao della guerra 1915-1918;Piazza Vittorio
Porta Magica;Piazza Vittorio
Trofei di Mario;Piazza Vittorio Emanuele II Municipio I Rione XV
Fontana dell’Acqua Acetosa;Piazzale Acqua Acetosa
Monumento a Benito Juarez;Piazzale Benito Juarez
Monumento “Composizione astratta”;Piazzale Cina
Mausoleo, resti di sepolcri e basolato stradale;Piazzale Clodio (sotto il cavalcavia)
Fontana dello Zodiaco;Piazzale Cristoforo Colombo
Mostra dell’Acquedotto del Peschiera;Piazzale degli Eroi
Edificio dell’Autoparco;Piazzale dei Partigiani, 40
Fontana nell’area dell’Autoparco;Piazzale dei Partigiani, 40
Enea e Anchise;Piazzale del Museo Borghese, 5 (Galleria Borghese)
Fontanella sarcofago;Piazzale del Verano
Monumento a Pio XII;Piazzale del Verano
Colonna di S. Lorenzo;Piazzale del Verano
Monumento a Giuseppe Mazzini;Piazzale dell'Aventino
Fontana contemporanea;Piazzale delle Province
Busto a Tazio Nuvolari;Piazzale dello Sport
Ponte Milvio;Piazzale di Ponte Milvio
Due colonne 11 Settembre 2001;Piazzale di Porta Capena
Colombario di Porta Maggiore;Piazzale di Porta Maggiore
Monumento al Bersagliere;Piazzale di Porta Pia
Porta S. Pancrazio;Piazzale di Porta San Pancrazio
Fontana con sarcofago a ridosso delle mura;Piazzale Flaminio
Fontana abbeveratoio p.le Flaminio;Piazzale Flaminio
Edicola di S. Andrea presso le Mura Gianicolensi;Piazzale Garibaldi
P.P.Pasolini p.le Gasparri;Piazzale Gasparri
Monumento alle Vittime del Lavoro;Piazzale Giulio Pastore
Sepolcro di Marco Virgilio Eurysace;Piazzale Labicano
Monumento ai Caduti di tutte le guerre;Piazzale Metronio
Fontana delle Rane in piazzale Mincio;Piazzale Mincio
Fontana  contemporanea “Novecento”;Piazzale Pier Luigi Nervi
Porta Pia;Piazzale Porta Pia, 1
Monumento a Simon Bolivar ;Piazzale Simone Bolivar
Arco di Sisto V;Piazzale Sisto V
Monumento a Giuseppe Mazzini;Piazzale Ugo La Malfa
Ponte Bianco;Ponte Bianco
Monumento alle Donne Partigiane presso il Ponte dell’Industria;Ponte dell’Industria
Fontane (12) di Ponte Flaminio;Ponte Flaminio
Ponte Vittorio Emanuele II;Ponte Vittorio Emanuele II
Fontanile di Pio IV a porta Cavalleggeri;Porta Cavalleggeri
Fontane dell’Acqua Lancisiana (2);Porto Leonino 
Tombe e basolato della via Latina;Via di Vigna Fabbri
Monumento ad un caduto sul lavoro ( cantoniere) dell’ANAS;Raccordo Anulare Km.11
Rampa San Sebastianello;Rampa di San Sebastianello
Cavea teatrale con sculture e tripode;Roma
Convento dei SS. Vincenzo;S. Vincenzo
Anfiteatro Castrense;Tra Santa Croce in Gerusalemme e le Mura Aureliane
Edificio scolastico di fronte a S. Alessio;V.le Carlo Tommaso Odescalchi, 38
Teatro Nazionale;Via A. De Pretis
Monumento ai Deportati dei rastrellamenti del Quadraro nel 1944;Via A. Pediano ( Parco di Monte del Grano)
Edificio contiguo alla chiesa di S. Maria della Consolazione;Via Aldo Della Rocca, 6
Chiesa di S. Maria della Consolazione (incerta);Via Aldo Della Rocca, 6
Edificio in via Aldovrandi 16;Via Aldovrandi, 16
Mercato di via Alessandria;Via Alessandria
Palazzetto di Flaminio Ponzio;Via Alessandrina
Deposito presso il Palazzetto di Flaminio Ponzio;Via Alessandrina
Cisterna presso la Torre di Mezzavia;Via Anagnina (altezza IKEA)
Fontana di Pio IX;Via Annia
Colonna delle Aquile;Via Antonio Gransci
Cisterna e resti antichi;Via Appia (all'interno dell'ippodromo delle Capannelle)
Resti antichi  sotto Tor Marancia;Via Appia Antica
Complesso massenziano;Via Appia Antica
Casale dell’Acquataccio;Via Appia Antica
Cartiera Latina;Via Appia Antica
Edicola del Cardinal Pole;Via Appia Antica
Fontanella di fronte alla basilica di S. Sebastiano;Via Appia Antica
Colonna di Pio IX sull’Appia Antica;Via Appia Antica
Monumento funerario ad Aristide Sartorio, ex cimitero di S. Sebastiano;Via Appia Antica
Fontana sarcofago presso Porta S. Sebastiano;Via Appia Antica
Sepolcro di Priscilla;Via Appia Antica, 64
Fontana sarcofago Statuario;Via Appia Nuova, 1071/73
Cisterna ;Via Appia Pignatelli
S. Urbano alla Caffarella;Via Appia Pignatelli
Casale di Priscilla con torre;Via Appia Pignatelli
Arco dela Ciambella (Terme di Agrippa);Via Arco della Ciambella
Ex edificio scolastico Dante Alighieri;Via Ariosto
Monumento ad Arnaldo Ulivelli;Via Arnaldo Ulivelli
Monumento al Beato Tommaso Maria Fusco;Via Arrigo Davila
Fontanella in via Augusto Valenziani;Via Augusto Valenziani
Acquedotto Traiano;Via Aurelia
Arco di Tiradiavoli;Via Aurelia
Fontana abbeveratoio;Via Aurelia Antica
Tratti fuori terra dell’acquedotto Paolo;Via Aurelia Antica
Porticus Aemilia;Via B. Franklin
Edificio in via Baccelli N.° 10;Via Baccelli, 10
Sepolcro via Bisignano;Via Bisignano
Sepolcro a tempietto;Via Bisignano
Fontanile con lo stemma di S. Spirito;Via Boccea
Fontana  a cascata ( Parco Peppino Impastato );Via Bolognetta
Teatro di Tor Bella Monaca;Via Bruno Cirino
Torre Brunori;Via Caduti per la Resistenza
Fontanella con testa di lupa;Via Campania
Busto di Alessandro Magno;Via Campania
Piloni (4) ponte Duca D’Aosta;Via Capoprati
Sepolcro a camera;Via Cardinal Caprara, 62
Casale in via Casetta Mattei;Via Casetta Mattei
Sepolcro (resti);Via Casilina angolo via Filarete
Monumento ai Caduti di tutte le guerre alla Tomba di Nerone;Via Cassia
Fontana di Pietro Lombardi;Via Cassia ( già in Borgo)
Chiesa di S. Nicola a Cesano;Via Cassia Km 27
Tomba di Nerone (sepolcro di Vibio Mariano);Via Cassia Municipio XX
Scuola Cassiodoro;Via Cassidoro, 2
Tor Chiesaccia / Ruderi di chiesa;Via Castel di Leva 
Tempio di Via delle Botteghe Oscure;Via Celsa, 3
Monumento a Quintino Sella;Via Cernaia
Monumento a Silvio Spaventa;Via Cernaia
Monumento a Quintino Sella;Via Cernaia Municipio I Rione Castro Pretorio
Monumento a Silvio Spaventa;Via Cernaia Municipio I Rione Castro Pretorio
Edificio scolastico Margherita di Savoia;Via Cerveteri, 55
Fontana Monumentale;Via Cesare Baronio
Cisterna di via Cesare Baronio;Via Cesare Baronio
Area archeologica di via Cilicia;Via Cilicia (Sottopassaggio)
Tempio di Claudio;Via Claudia
Resti antichi;Via Claudia
Fontana Clementina;Via Clementina
Monumento a Cola di Rienzo;Via Cola di Rienzo
Fontana con testa di leone;Via Collatina Vecchia ( Grotte di Gregna )
Fontanile di Benedetto XIV;Via Collatina Vecchia, 65 
Collatina vecchia;Via Collatina Vechhia
Fontana sarcofago via Corsini;Via Corsini
Busto a Giuseppe Pella, Largo Giuseppe Pella;Via Cristoforo Colombo
Monumento ‘Memoria dei 600.000 militari italiani deportati nei lager’;Via Cristoforo Colombo
Cisterna della via Colombo;Via Cristoforo Colombo, fronte n°142
Busti (6) nell’edificio scolastico Pilo Albertelli;Via Daniele Manin, 72  
Monumento Terenzio Mamiani della Rovere;Via degli Acciaioli
Ponte Mammolo;Via degli Alberini
Ninfeo degli Annibaldi;Via degli Annibaldi (angolo con via del Fagutale)
Palazzo Astalli;Via degli Astalli
Sepolcro via degli Olmi;Via degli Olmi
Fontana dei libri;Via degli Staderari
Complesso Angelo Mai;Via degli Zingari
Edificio della Zecca;Via dei Banchi Nuovi, 31
Teatro Argentina ed edificio ( sempre parte del Teatro Argentina);Via dei Barbieri
Teatro di Pompeo (portici);Via dei Barbieri (sotto il Teatro Argentina)
Farnesina dei Baullari;Via dei Baullari, 1
Resti antichi sotto Palazzo Calvi;Via dei Cappellari, 100
Fontanella in via Trionfale;Via dei Cavalieri di Vittorio Veneto
Palazzo Pantanella;Via dei Cerchi
Circo Massimo e Mitreo;Via dei Cerchi e via del Circo Massimo
Fontana in via dei fori Imperiali;Via dei Fori Imperiali
Monumento all’imperatore Nerva;Via dei Fori Imperiali
Monumento all’imperatore Augusto;Via dei Fori Imperiali
Monumento all’imperatore Traiano;Via dei Fori Imperiali
Quattro Carte geografiche;Via dei Fori Imperiali
Belvedere Cederna;Via dei Fori Imperiali ( Clivio di Acilio )
Porta;Via dei Gordiani ( Parco delle Sculture)
Freeze;Via dei Gordiani ( Parco delle Sculture)
Porta Magica;Via dei Gordiani ( Parco delle Sculture)
Romana;Via dei Gordiani ( Parco delle Sculture)
Luna;Via dei Gordiani ( Parco delle Sculture)
Fontanella via dei Greci;Via dei Greci
Torre di Case Calde;Via dei Ruderi di Casa Calda  
Fontanella in via dei Sabelli;Via dei Sabelli
Liceo Gaio Lucilio;Via dei Sabelli, 86
Fontanella in via dei Serviti;Via dei Serviti
Fontana del Babuino;Via del Babuino 
Cippo commemorativo del Prof. Ezio Tarantelli;Via del Castro Laurenziano
Porta dell'Acquedotto Vergine;Via del Corso, 239
Edificio in via del Falco;Via del Falco
Albergo della Catena;Via del Foro Piscario
Deposito presso la Casina dei Vallati;Via del Foro Piscario
Forte Bravetta;Via del Forte Bravetta
Casina dei Pierleoni;Via del Mare
Fontanella via del Moretto;Via del Moretto
Casina dei Vallati;Via del Portico
Portico d'Ottavia;Via del Portico d'Ottavia
Casa del Burcardo;Via del Sudario, 44
Insula;Via del teatro di Marcello
Teatro di Marcello;Via del Teatro di Marcello
Templi di Apollo Sosiano e Bellona;Via del Teatro di Marcello
Templi del Foro Olitorio;Via del Teatro di Marcello
Portico dei templi di Apollo Sosiano e Bellona;Via del Teatro di Marcello
Templi Repubblicani di San Nicola in Carcere;Via del Teatro di Marcello
Stanza di Beatrice cenci nel Teatro di Marcello;Via del Teatro di Marcello, 44
Deposito presso il Teatro di Marcello;Via del Teatro di Marcello, 44
Monumento ai Caduti della guerra 1915-1918 del Trullo e della Magliana;Via del Trullo
Cloaca Massima;Via del Velabro, 3a
Fontanile di Benedetto XIV;Via dell’Acquedotto Felice
Fontanile in via dell’Acquedotto Felice 55;Via dell’Acquedotto Felice, 55
P.P. Pasolini via dell’Idroscalo;Via dell’Idroscalo
Annia Regilla - Sepolcro;Via della Caffarella
Casale della Caffarella ( competenza Carta dell’Agro);Via della Caffarella
Torretta nella Valle della Caffarella;Via della Caffarella
Fontana della Botte;Via della Cisterna
Fontanelle (2) del drago di Paolo V;Via della Conciliazione
Fontanile presso il torrente Rigo;Via della Fontana Morta presso il torrente Rigo( Cesano)
Fontanile in via della Fontana Secca;Via della Fontana Secca di fronte al civ. 61 ( Cesano)
Fontanile in via della Fontana Secca 2;Via della Fontana Secca di fronte al civ.132( Cesano)
Casa dei Bimbi ( edificio scolastico );Via della Garbatella
Porta Settimiana;Via della Lungara
Ex convento Buon Pastore;Via della Lungara
Fontana dei Segni zodiacali;Via della Magliana
Fontanile in via della Magliana 611;Via della Magliana, 611
Fontana di Clemente XII o di Vermicino;Via della Mola Cavona ( Casal Morena )
Monumento ai Caduti della Montagnola;Via della Montagnola
Fontana della Navicella;Via della Navicella
Scuola Gianturco;Via della Palombella
Monumento a Ciceruacchio;Via della Passeggiata del Gianicolo 
Fontana nel Parco della Resistenza;Via della Piramide Cestia
Monumento ai caduti dell’8 settembre;Via della Piramide Cestia
Fontanella della Posta Vecchia;Via della Posta Vecchia
Fontanella via della Purificazione;Via della Purificazione
Edifici scolastici: scuola Cadlolo;Via della Rondinella, 2
Fontana via della Scrofa;Via della Scrofa
Fontanella in via della Scrofa;Via della Scrofa
Sant’Agostino;Via della Scrova, 80
Fontana via della Verbena;Via della Verbena
Excubitorium ;Via della VII Coorte, 9
Villa cosiddetta di Plinio;Via della Villa di Plinio
Fontanella via della Vite;Via della Vite
Acquedotto Alessandrino;Via dell'Acquedotto Alessandrino
Colombario costantiniano, cd.;Via dell'Almone
Ninfeo di via Amba Aradam;Via dell'Amba Aradam
Casale sulla Tomba di Romolo e Arco dei Cenci;Via dell'Arco dei Cenci
S. Maria delle Carine ( da accertare presso la Conservatoria );Via delle Carine
Basilica di Generosa;Via delle Catacombe di Generosa
Casale ex Segna, presso Catacombe di Generosa;Via delle Catacombe di Generosa
Edificio scolastico in via delle Fornaci;Via delle Fornaci
Casale ( Veschi);Via delle Fornaci
Monumento contemporaneo ad Alcide De Gasperi;Via delle Fornaci
Monumento ai caduti di tutte le guerre del Tufello;Via delle Isole Curzolane 
Mura Gianicolensi, tratto fra Porta San Pancrazio e Porta Portese;Via delle Mura Gianicolensi
Fontana di Giunone – Quattro Fontane;Via delle Quattro fontane
Fontana di Diana – Quattro Fontane;Via delle Quattro fontane
Statua S. Ambrogio;Via delle Quattro fontane
Statua S. Carlo;Via delle Quattro fontane
Fontana dell’Arno ( una delle Quattro Fontane);Via delle Quattro fontane
Stadio delle Terme;Via delle Terme di Caracalla
Monumento ai Caduti di Dogali;Via delle Terme di Diocleziano
Fontana sarcofago in via delle Terme di Tito;Via delle Terme di Tito
Terme di Tito;Via delle Terme di Tito
Ninfeo di Colle Oppio;Via delle Terme di Traiano
Fontana del Tevere ( una delle Quattro Fontane);Via delle uattro fontane
Edificio scolastico Liceo Pilo Albertelli e scuola Daniele Manin;Via dell'esquilino, 31
Albergo dell’Orso;Via dell'Orso
Fontanella del Sole;Via di Bravetta
Monumento ai Martiri di Forte Aurelio;Via di Bravetta
Monumento ai Martiri di Forte Bravetta;Via di Bravetta ( Parco dei Martiri di Forte Bravetta )
Mausoleo di Castel di Guido;Via di Castel di Guido
Chiesa dello Spirito Santo a Castel di Guido;Via di Castel di Guido
Casali nella tenuta di Castel di Guido;Via di Castel di Guido
Deposito di Castel di Guido: N° 47 pezzi;Via di Castel di Guido
Scuola Franceschi;Via di Donna Olimpia
Forte Ardeatino;Via di Grotta Perfetta
Forma 888;Via di Grottaperfetta
Ex chiesa di S. Maria di Grottapinta;Via di Grottapinta, 21
Italcable;Via di Macchia Palocco
Monumento ai Caduti di tutte le guerre di Castel Verde;Via di Massa S. Giuliano
Terme di Traiano;Via di Monte Oppio
Fontana a bacino circolare con monumento;Via di Pietralata ( Castel Paterno )
Casale Pino Lecce;Via di Pino Lecce
Casale Ceribelli a Poggio Ameno;Via di Poggio Ameno
Ponte Fabricio;Via di Ponte Quattro Capi
Ponte Salario;Via di Ponte Salario
Fontanile S. Vittorino/ Ponte di Terra;Via di Ponte Terra
Fontana in via di Porta Labicana;Via di Porta Labicana
Colombario di Pomponio Hylas;Via di Porta Latina, 14
Porta Portese;Via di Porta Portese
Resti antichi sotto la casina del Cardinal Bessarione;Via di Porta San Sebastiano
Arco di Druso;Via di Porta San Sebastiano
Colonna crucifera;Via di Porta San Sebastiano
Casina Vignola Boccapaduli;Via di Porta San Sebastiano 
Casina del cardinal Bessarione con arredi e Depositi;Via di Porta San Sebastiano, 8
Fontana sarcofago con testa di leone, Casina del Cardinal Bessarione;Via di Porta San Sebastiano, 8
Fontana sarcofago, Casina del Cardinal Bessarione;Via di Porta San Sebastiano, 8
Fontana  circolare con olla, Casina del Cardinal Bessarione;Via di Porta San Sebastiano, 8
Fontana  Casina del Cardinal Bessarione;Via di Porta San Sebastiano, 8
Sepolcro degli Scipioni;Via di Porta San Sebastiano, 9
Statua S. Nicola (Villaggio Pescatori);Via di Quinqueremi
Dolocenum;Via di S. Domenico, 20
N.° 2 Fontane;Via di S. Gregorio
Delegazione Comunale, ex Stazione sanitaria;Via di S. Vittorino
Torre dei Capocci;Via di San Martino ai Monti
Palazzo Specchi;Via di San Paolo alla Regola
Fontana sarcofago nicchione S. Sebastianello;Via di San Sebastianello 
Fontanella rionale di S. Vito;Via di San Vito, 20
Fontanile Santa Seconda;Via di Santa Seconda
Complesso di S. Ambrogio alla Massima, porzione Uffici Sovraintendenza;Via di Sant'Ambrogio della Massima
Complesso di S. Ambrogio alla Massima, porzione occupata;Via di Sant'Ambrogio della Massima
Sede Municipio Tor Bella Monaca;Via di Tor Bella Monaca
Fontana ottagonale nel giardini della sede USL;Via di Tor Cervara / via degli Armenti
Resti antichi sotto Tor Fiscale;Via di Tor Fiscale
Tor Marancia;Via di Tor Marancia
Casali del Piano;Via di Tor Pagnotta
Sepolcro di Tor di Quinto;Via di Tor Quinto
Fontana a forma di nave nel Parco Calimera;Via di Torre Nova
Fontana  a teste equine nel Parco Calimera;Via di Torre Nova
“Binari”, Parco Calimera;Via di Torre Nova
Fontana  in via di Torre Spaccata/ via dei Romanisti;Via di Torre Spaccata/ via dei Romanisti
Casale e fienile in via di Torre Vecchia;Via di Torre Vecchia
Fontana nel Roseto Comunale;Via di Valle
Statua maschile in via di Villa Madama;Via di Villa Madama
Colonna in via di Villa Narducci;Via di Villa Narducci
N.2 Fontane sul Serbatoio Eleniano;Via Eleniana
Monumento dell’Acqua Marcia;Via Eleniana
Serbatoio Eleniano;Via Eleniana 
Monumento contemporaneo ai Caduti di tutte le guerre;Via Ernesto Breda
Fontana contemporanea “La lupa”;Via Ettore Rolli
Fontana contemporanea ( nel Parcheggio Automobilistico);Via F. Brunelleschi
Fontanile lavatoio ai Cessati Spiriti;Via F.Bartoloni
Monumento al Giuramento di Simon Bolivar;Via Falterona
Sepolcro di via Filarete;Via Filarete (Scuola Grazia Deledda )
Casina Vagnuzzi;Via Flaminia
Porta del Popolo;Via Flaminia
Fontana con sarcofago;Via Flaminia, 158
Fontana dell’Acqua Vergine sulla Palazzina di Pio IV;Via Flaminia
Fontana delle Tre Conche;Via Flaminia
Fontanella via Fontanella di Borghese;Via Fontanella di Borghese
Monumento contemporaneo “Memoria a Maurizio di Leo”;Via G. De Romanis
Mitreo, cd.;Via G. Lanza, fronte al civico n° 130
Serbatoio in via Gaeta;Via Gaeta
Edificio scolastico Di Donato;Via Galilei
Fontana ninfeo;Via Garibaldi
Mostra Acqua Paola;Via Garibaldi
Mausoleo Ossario Garibaldino;Via Garibaldi, 29
Mausoleo Ossario Garibaldino;Via Garibaldi, 29/e
Latrina Romana;Via Garibaldi, sotto piazza S. Pietro in Montorio
La Porta dell’Acqua;Via Gaspare Ambrosini
Fontana  di Pinocchio - Parco Renzo Mancini;Via Giggi Pizzirani
Monumento ai Ragazzi Diversi ( Parco Renzo Mancini);Via Giggi Pizzirani
Ipogeo di Via Giovanni Lanza;Via Giovanni Lanza, 130
Resti antichi;Via Giovannipoli (all'interno del parco di Commodilla)
Fontana del Mascherone;Via Giulia
Liceo Virgilio ed ex Collegio Ghislieri;Via Giulia, 38
Fontana muro Palazzo Clarelli;Via Giulia, 79 
Fontana del Prigione;Via Goffredo Mameli
Sede Municipio III;Via Goito
Monumento ai caduti della Magliana e della Parrocchietta;Via Isacco Newton
Ludus Magnus;Via Labicana
Monumento ai martiri della Storta;Via Labranca
Fontana del Facchino;Via Lata
Monumento a Santa Caterina da Siena;Via Latina, 28
Sepolcro (resti);Via Latina, 550
Fontanella a tre cannelle;Via Laurentina
Monumento contemporaneo  alle Vittime delle Foibe Istriane, Largo delle Vittime delle foibe Istriane;Via Laurentina
Resti antichi;Via Laurentina, km 1
Masso carsico in memoria dei Caduti Giuliani e Dalmati;Via Laurentina
Acquedotto Felice, porzione nel Parco degli Acquedotti;Via Lemonia, circa 2 Km
Casale Garibaldi;Via Leonardo da Vinci
Busti a Toselli (2);Via Lepanto
Cisterna ;Via Lidia (Parco dell'Appia Antica)
Ipogeo di via Livenza ;Via Livenza (traversa di via Po)
Fontana a vasca in via Luigi Chiaia;Via Luigi Chiaia
Fontanile presso Casale Centro Anziani “M. Testa”;Via M. De Pisis ( Tor Sapienza )
Fontanina artistica via M. de’Fiori;Via M. de’ Fiori
Cisterna ;Via Marco Polo
Fontana degli Artisti;Via Margutta
Caserma dei Vigili del Fuoco;Via Marmorata
Arco di s. Lazzaro;Via Marmorata, 28
Scuola elementare Collodi, borgata del Trullo;Via Massa Marittima
Ex Ufficio d’Igiene;Via Merulana, 123
Ex chiesa di S. Rita;Via Montanara
Fontanella dell’Orso;Via Monte Brianzo
Scuola Pistelli;Via Monte Zebio, 33
Fontana al Labaro;Via Monti della Valchetta detta Fontana al Labaro
Resti antichi sotto Palazzo delle Esposizioni;Via Nazionale 
Palazzo delle Esposizioni;Via Nazionale, 194
Fontana in via Nicola Zabaglia;Via Nicola Zabaglia
Colombario di villa Leopardi;Via Nomentana
Monumento alla Breccia di Porta Pia;Via Nomentana
Fontana Torlonia;Via Nomentana
Ponte Nomentano;Via Nomentana
Mausoleo cd di Menenio Agrippa;Via Nomentana - Piazza Menenio Agrippa
Fontana dell’Acqua Marcia;Via Nomentana, 162
Fontana in via Nomentana 414;Via Nomentana, 414
Sepolcro cd. Torraccio della Cecchina;Via Nomentana, km. 9,200
Torraccio della Cecchina;Via Nomentana, km. 9,200
Monumento Nullo Baldini;Via Nullo Baldini
Ex fabbrica farmaceutica;Via Ostiense
Fontana sarcofago in via Ostiense, Basilica di S. Paolo;Via Ostiense
Necropoli di San Paolo;Via Ostiense - Parco Schuster
Monumento ai Caduti di Nassirya;Via Ostiense (fuori le mura)
Scuola Principe di Piemonte;Via Ostiense, 263/c
Fontane nel giardino della scuola Principe di Piemonte (2);Via Ostiense, 263/c
Ponte zona Acilia sud;Via Ostiense km 14,500
Fontanile via Ostiense km 16,700;Via Ostiense km 16,700
Ex Centrale Montemartini;Via Ostiense, 106
Mercati Generali;Via Ostiense, 109
Necropoli Ostiense (Sepolcreto Ostiense);Via Ostiense, 190  - Parco Schuster
Ponte di Tor di Valle;Via Ostiense, km 8,500
Scuola di Danza in via Ozieri;Via Ozieri
Fontana in via Paolina;Via Paolina
Colonna commemorativa del gemellaggio Roma-Parigi;Via Parigi / Via Vittorio Emanuele Orlando
Stele in via Persichetti;Via Persichetti
Colombari di via Taranto/via Pescara;Via Pescara, 2
Palazzo dell’Anagrafe;Via Petroselli
Palazzo dei Lavori Pubblici;Via Petroselli
Fontana contemporanea a vasca circolare;Via piazza Istria
Colombario via Pinciana ;Via Pinciana Municipio II 
Fontana sarcofago via Porta S. Pancrazio;Via Porta S. Pancrazio
Fontana via Porto Ripa Grande;Via Porto Ripa Grande
Porzione di casale sotto il cavalcavia di via Isacco Newton;Via Portuense
Casa Vittoria;Via Portuense n.220
Fontana in via Prenestina;Via Prenestina - Via A. Staderini
"Mausoleo detto ""Il Torrione""";Via Prenestina (angolo via B. Colleoni)
Colombario di via Olevano Romano;Via Prenestina / Via Olevano Romano
Sepolcro di via Prenestina;Via Prenestina 430
Resti antichi e basolato;Via Prenestina 607
Torrione di via Prenestina;Via Prenestina, a circa km.1,200 dopo Porta Maggiore
Edificio scolastico Regina Elena;Via Puglia/via Sicilia/via Sardegna
Edificio scolastico Michelangelo Buonarroti;Via Puglia/via Sicilia/via Sardegna
Casa protostorica di Fidene;Via Quarrata
Torre delle Milizie;Via Quattro Novembre
Fontana della Balena;Via Recanati ( area a giardino)
Tortura (1);Via Romolo Balzani 87
Tortura (2);Via Romolo Balzani 87
Famiglia;Via Romolo Balzani 87
Catacomba di via Rovigno;Via Rovigno d’Istria presso via Prenestina
Fontana in via S. Maria in Cosmedin;Via S. Maria in Cosmedin
Resti antichi;Via S. Martino ai Monti, di fronte al civico 9 (botola)
Fontana sarcofago in via S. Stefano del Cacco;Via S. Stefano del Cacco
Arco di Gallieno;Via S. Vito
Ponte Salario (resti);Via Salaria
Resti di mura difensive e villa a Monte Antenne;Via Salaria
Ponte Salario;Via Salaria
Mausoleo di Lucilio Peto;Via Salaria, 125
Edificio scolastico Istituto Alfieri - Lante della Rovere;Via Salaria, 159
Forte Antenne;Via Salatia, 275
Grotte di Pompeo, cd. ;Via san Biagio Platani
Fontana via S. Giacomo;Via San Giacomo
Insula di San Paolo alla Regola;Via San Paolo alla Regola, 16
Fontanella del Clivo Argentario;Via San Pietro in Carcere
Serbatoio in via Sapri;Via Sapri
Monumento al Vigile del Fuoco ( area a giardino);Via Scarpanto
Anastasio (scuola Settembrini);Via Sebenico, 1
Edificio scolastico Liceo Tasso;Via Sicilia
Fontanella via Spada d’Orlando;Via Spada d’Orlando
Ex Casale Ronca;Via Stabilini
Sepolcri repubblicani di via Statilia;Via Statilia angolo via S. Croce in Gerusalemme
Fontana a doppio bacino, viale XVII Olimpiade;Via Svezia
Colombari di via Taranto;Via Taranto / Via Enna
Allegoria ( parcheggio uffici comunali);Via Tiburtina, 1163
Ex Chiesa di S. Maria dell’Oliva;Via Tiburtina/ via di Casal Bianco ( Settecamini)
Monumento ai Caduti di Tor Quinto;Via Tor Quinto
Torre del Fiscale;Via Torre del Fiscale
Ponte Neroniano;Via Trionfale
Forte Trionfale;Via Trionfale
Fontanile - lavatoio di Pio IX;Via Trionfale
Fontanella presso il S. Maria della Pietà;Via Trionfale
Fontanile o fontanella in via Trionfale angolo viale Platone;Via Trionfale angolo viale Platone
Acquedotto Turati;Via Turati
Sede dell’Istituto Luce;Via Tuscolana
Scuola di Cinematografia;Via Tuscolana
Fontana del XX secolo;Via Tuscolana, 780
Fontana monumentale di Clemente XII a Porta Furba                           ;Via Tuscolana, 539
Tor di Mezzavia;Via Tuscolana/Anagnina
Resti antichi;Via Valerio Poblicola (cortile scuola Salvo d'Acquisto)
S. Maria in Tempulo;Via Valle delle Camene
Casale La Perna e chiesetta attigua;Via Valle di Perna 315
Centro Anziani;Via Vittorio Amedeo II
Asilo Volpato;Via Volpato/ Piazzale della Radio
Edificio scolastico “Mazzini”;Via Volsinio, 23
Busti a Mameli, La Marmora, Manara, Pagliari all’interno di Porta Pia;Via XX Settembre
Monte Testaccio;Via Zabaglia, 24 Municipio I Rione XX - Testaccio 
“Orchidea”;Viale Africa, EUR
Monumento contemporaneo “Il Vascello della Rivoluzione”;Viale C. Colombo/ via dell’Esperanto
Monumento contemporaneo “Ofelia”;Viale Camillo Sabini/ via Roberto Lordi
Acquedotto Felice ( Ferrovia Roma Napoli);Viale Castrense a Torre del Fiscale
Oratorio di S. Margherita ( Mura Aureliane );Viale Castrense e via Carlo Felice
Monumento  ‘Crescendo’;Viale De Coubertin presso l’Auditorium
Resti antichi sotto Torre Brunori;Viale dei Caduti per la Resistenza
Ex Campo Boario;Viale del Campo Boario
Bastione Ardeatino;Viale del Campo Boario
Stele a José Martì;Viale del Giappone
Tomba nel Bioparco;Viale del Giardino Zoologico, 20
Casina del Salvi;Viale del Parco del Celio 
Fontana presso la casina del Salvi al Celio;Viale del Parco del Celio 
Antiquarium al Celio;Viale del Parco del Celio, 22
Resti Chiesa medievale Villa di Plinio;Viale della Villa di Plinio
Cappella Arco Oscuro a Valle Giulia;Viale delle Belle Arti
Liceo Mamiani;Viale delle Milizie 30 
Sepolcro presso la posterula Ardeatina;Viale delle Mura Ardeatine
Mura Gianicolensi;Viale delle Mure Aurelie
Colonna crucifera davanti alla chiesa dei SS. Nereo ed Achilleo;Viale delle Terme Di Caracalla
Domus Parthorum;Viale delle Terme di Caracalla (interno stadio delle terme)
Porta Capena;Viale delle Terme di Caracalla/via delle Camene
Casale di Giovio;Viale di Villa Pamphilj
Monumento  “Memoria a Matteo Di Fazio”;Viale Grande Muraglia ( Sottopasso Viadotto)
Monumento nel Parco della Resistenza;Viale Manlio Gelsomini 
Ipogeo degli Aureli;Viale Manzoni e via Luzzatti
Edificio scolastico Galilei;Viale Manzoni e via Luzzatti
Basilica e catacomba di San Valentino;Viale Maresciallo Pilsudsk
Monumento al maresciallo Pilsudski;Viale maresciallo Pilsudski
Monumento ai Caduti guerra 1915-18;Viale maresciallo Pilsudski
Caduti Liberazione Roma;Viale Monumento ai Caduti
Monumento  Anniversario sacrificio della Divisione Aqui a Cefalonia e Corfù;Viale Oceania
Cisterna, cd. di viale Partenope;Viale Partenope
Ipogeo di Villa Glori;Viale Pilsudski
Villa romana e Museo all’Auditorium;Viale Pilzudski
Monumento contemporaneo “Fossili”;Viale Romualdo Chiesa/ piazza F. Vannetti Donnini
Strutture termali;Viale Tito Labieno
Fontana nei giardini di viale Tiziano;Viale Tiziano
Monumento  “Goal Italia 90”;Viale Tiziano/ Piazza Apollodoro
Mausoleo di Tor di Quinto;Viale Tor di Quinto Municipio XX
Monumento alle Vittime dell'11 settembre 2001;Viale Umberto Tupini
Colonia Vittorio Emanuele III/Lido Ostia;Viale Vittorio Emanuele III (Lido Ostia)
Monumento ai caduti della Guardia di Finanza;Viale XXI Aprile 51
Portici del Foro Olitorio;Vico Jugario
Stele in Vico Jugario;Vico Jugario
Annia Regilla - Sant’Urbano;Vicolo di Sant’Urbano
Appartamento in palazzo Caccialupi;Vicolo Savelli 48
Antemnae;Villa Ada
Sepolcro di villa Borghese;Villa Borghese - Via Pinciana
Gallerie e cisterne nell'area della Casina Valadier;Villa Borghese (All'interno del Parco)
Deposito dell’ex convento di S. Gregorio nel cimitero dei monanaci;Villa Celimontane, Rione Celio
Cisterna e cunicoli;Villa Pamphili (All'interno del Parco)
Colombario e necropoli di villa Pamphili;Villa Pamphili (All'interno del Parco)
Monumento della Lotta;Villaggio Olimpico
Monumento del Pugilato;Villaggio Olimpico
Monumento del Calcio;Villaggio Olimpico
Monumento alla Corsa;Villaggio Olimpico
Sepolcreto Salario;Zona Salaria
;
;
;
;
;
;
;
;
;
;
;
;
;
;
;
;
;
;
